,estado,pib,codigo,area,população,idh,receita,despesa,estado_ibge,ano,quantidade,valor_em_reais,sk_order
0,RO,39450587,11,237765233,1757589,690,9122310.72305,7085530.0168,11,2003,4,254300.0,1
1,RO,39450587,11,237765233,1757589,690,9122310.72305,7085530.0168,11,2004,11,394799.48,2
2,RO,39450587,11,237765233,1757589,690,9122310.72305,7085530.0168,11,2005,12,249039.11,3
3,RO,39450587,11,237765233,1757589,690,9122310.72305,7085530.0168,11,2006,7,177412.02,4
4,RO,39450587,11,237765233,1757589,690,9122310.72305,7085530.0168,11,2007,19,446508.0,5
5,RO,39450587,11,237765233,1757589,690,9122310.72305,7085530.0168,11,2008,10,1370330.0,6
6,RO,39450587,11,237765233,1757589,690,9122310.72305,7085530.0168,11,2009,5,562722.0,7
7,RO,39450587,11,237765233,1757589,690,9122310.72305,7085530.0168,11,2010,7,867498.0,8
8,RO,39450587,11,237765233,1757589,690,9122310.72305,7085530.0168,11,2011,5,500000.0,9
9,RO,39450587,11,237765233,1757589,690,9122310.72305,7085530.0168,11,2012,8,1000000.0,10
10,RO,39450587,11,237765233,1757589,690,9122310.72305,7085530.0168,11,2013,9,1280807.0,11
12,AC,13751126,12,164123738,869265,663,6632883.10836,6084416.8063,12,2004,3,112041.19,13
13,AC,13751126,12,164123738,869265,663,6632883.10836,6084416.8063,12,2005,2,1113391.72,14
14,AC,13751126,12,164123738,869265,663,6632883.10836,6084416.8063,12,2006,8,1089745.25,15
15,AC,13751126,12,164123738,869265,663,6632883.10836,6084416.8063,12,2007,4,593448.29,16
16,AC,13751126,12,164123738,869265,663,6632883.10836,6084416.8063,12,2008,7,655904.5,17
17,AC,13751126,12,164123738,869265,663,6632883.10836,6084416.8063,12,2009,4,25000.0,18
18,AC,13751126,12,164123738,869265,663,6632883.10836,6084416.8063,12,2010,3,60000.0,19
19,AC,13751126,12,164123738,869265,663,6632883.10836,6084416.8063,12,2011,2,90000.0,20
20,AC,13751126,12,164123738,869265,663,6632883.10836,6084416.8063,12,2012,4,304374.82,21
21,AC,13751126,12,164123738,869265,663,6632883.10836,6084416.8063,12,2013,4,43931.46,22
22,AM,89017165,13,1559168117,4080611,674,17328459.43402,15324896.55705,13,2003,6,300000.0,23
23,AM,89017165,13,1559168117,4080611,674,17328459.43402,15324896.55705,13,2004,11,3400000.0,24
24,AM,89017165,13,1559168117,4080611,674,17328459.43402,15324896.55705,13,2005,19,738033.73,25
25,AM,89017165,13,1559168117,4080611,674,17328459.43402,15324896.55705,13,2006,19,1592331.11,26
26,AM,89017165,13,1559168117,4080611,674,17328459.43402,15324896.55705,13,2007,15,1826968.88,27
27,AM,89017165,13,1559168117,4080611,674,17328459.43402,15324896.55705,13,2008,24,750193.86,28
28,AM,89017165,13,1559168117,4080611,674,17328459.43402,15324896.55705,13,2009,14,714888.46,29
29,AM,89017165,13,1559168117,4080611,674,17328459.43402,15324896.55705,13,2010,20,3411898.19,30
30,AM,89017165,13,1559168117,4080611,674,17328459.43402,15324896.55705,13,2011,18,2133152.55,31
31,AM,89017165,13,1559168117,4080611,674,17328459.43402,15324896.55705,13,2012,17,1451747.24,32
32,AM,89017165,13,1559168117,4080611,674,17328459.43402,15324896.55705,13,2013,15,2720974.28,33
33,RR,11011454,14,224273831,576568,707,4419450.41557,3384683.73914,14,2003,1,30000.0,34
36,RR,11011454,14,224273831,576568,707,4419450.41557,3384683.73914,14,2006,1,25000.0,37
37,RR,11011454,14,224273831,576568,707,4419450.41557,3384683.73914,14,2007,1,95000.0,38
40,RR,11011454,14,224273831,576568,707,4419450.41557,3384683.73914,14,2008,3,92500.0,41
41,RR,11011454,14,224273831,576568,707,4419450.41557,3384683.73914,14,2012,1,110000.0,42
42,PA,138068008,15,1245759305,8513497,646,25849446.10454,22533470.04547,15,2003,23,5842618.0,43
43,PA,138068008,15,1245759305,8513497,646,25849446.10454,22533470.04547,15,2004,33,5224465.71,44
44,PA,138068008,15,1245759305,8513497,646,25849446.10454,22533470.04547,15,2005,42,2137889.54,45
45,PA,138068008,15,1245759305,8513497,646,25849446.10454,22533470.04547,15,2006,40,3000033.33,46
46,PA,138068008,15,1245759305,8513497,646,25849446.10454,22533470.04547,15,2007,38,3713560.37,47
47,PA,138068008,15,1245759305,8513497,646,25849446.10454,22533470.04547,15,2008,42,1410040.9,48
48,PA,138068008,15,1245759305,8513497,646,25849446.10454,22533470.04547,15,2009,33,4149645.33,49
49,PA,138068008,15,1245759305,8513497,646,25849446.10454,22533470.04547,15,2010,50,22526871.89,50
50,PA,138068008,15,1245759305,8513497,646,25849446.10454,22533470.04547,15,2011,33,5689654.67,51
51,PA,138068008,15,1245759305,8513497,646,25849446.10454,22533470.04547,15,2012,39,5872158.68,52
52,PA,138068008,15,1245759305,8513497,646,25849446.10454,22533470.04547,15,2013,37,2073342.82,53
56,AP,14338838,16,142470762,829494,708,5396417.14471,4224464.08829,16,2006,2,20000.0,57
57,AP,14338838,16,142470762,829494,708,5396417.14471,4224464.08829,16,2007,4,160000.0,58
58,AP,14338838,16,142470762,829494,708,5396417.14471,4224464.08829,16,2008,5,611927.2,59
59,AP,14338838,16,142470762,829494,708,5396417.14471,4224464.08829,16,2009,1,142410.8,60
61,AP,14338838,16,142470762,829494,708,5396417.14471,4224464.08829,16,2011,4,20000.0,62
62,AP,14338838,16,142470762,829494,708,5396417.14471,4224464.08829,16,2012,5,90000.0,63
63,TO,31575831,17,277720404,1555229,699,10305099.01288,8929456.43836,17,2003,5,81220.0,64
64,TO,31575831,17,277720404,1555229,699,10305099.01288,8929456.43836,17,2004,17,696593.88,65
65,TO,31575831,17,277720404,1555229,699,10305099.01288,8929456.43836,17,2005,16,302000.0,66
66,TO,31575831,17,277720404,1555229,699,10305099.01288,8929456.43836,17,2006,15,534425.0,67
67,TO,31575831,17,277720404,1555229,699,10305099.01288,8929456.43836,17,2007,16,1266001.74,68
68,TO,31575831,17,277720404,1555229,699,10305099.01288,8929456.43836,17,2008,8,355858.89,69
71,TO,31575831,17,277720404,1555229,699,10305099.01288,8929456.43836,17,2011,8,74378.0,72
72,TO,31575831,17,277720404,1555229,699,10305099.01288,8929456.43836,17,2012,5,366972.5,73
73,TO,31575831,17,277720404,1555229,699,10305099.01288,8929456.43836,17,2013,4,271753.93,74
74,MA,85286226,21,329642170,7035055,639,18503261.35491,17627170.75574,21,2003,31,893896.0,75
75,MA,85286226,21,329642170,7035055,639,18503261.35491,17627170.75574,21,2004,33,825104.5,76
76,MA,85286226,21,329642170,7035055,639,18503261.35491,17627170.75574,21,2005,59,4775917.45,77
77,MA,85286226,21,329642170,7035055,639,18503261.35491,17627170.75574,21,2007,37,3754528.93,78
78,MA,85286226,21,329642170,7035055,639,18503261.35491,17627170.75574,21,2008,42,2578426.51,79
79,MA,85286226,21,329642170,7035055,639,18503261.35491,17627170.75574,21,2009,11,2017713.8,80
80,MA,85286226,21,329642170,7035055,639,18503261.35491,17627170.75574,21,2010,22,10206013.78,81
81,MA,85286226,21,329642170,7035055,639,18503261.35491,17627170.75574,21,2006,40,1710100.2,82
82,MA,85286226,21,329642170,7035055,639,18503261.35491,17627170.75574,21,2011,21,4257025.87,83
83,MA,85286226,21,329642170,7035055,639,18503261.35491,17627170.75574,21,2012,18,1647128.75,84
84,MA,85286226,21,329642170,7035055,639,18503261.35491,17627170.75574,21,2013,13,802488.3,85
85,PI,41405815,22,251616823,3264531,646,12124215.61511,9676736.31835,22,2003,13,1173000.0,86
86,PI,41405815,22,251616823,3264531,646,12124215.61511,9676736.31835,22,2004,9,1805000.0,87
87,PI,41405815,22,251616823,3264531,646,12124215.61511,9676736.31835,22,2005,14,1268950.0,88
88,PI,41405815,22,251616823,3264531,646,12124215.61511,9676736.31835,22,2006,15,2437213.2,89
89,PI,41405815,22,251616823,3264531,646,12124215.61511,9676736.31835,22,2007,13,480375.0,90
90,PI,41405815,22,251616823,3264531,646,12124215.61511,9676736.31835,22,2009,7,2754726.19,91
91,PI,41405815,22,251616823,3264531,646,12124215.61511,9676736.31835,22,2010,12,1957574.28,92
92,PI,41405815,22,251616823,3264531,646,12124215.61511,9676736.31835,22,2008,14,3126776.609,93
93,PI,41405815,22,251616823,3264531,646,12124215.61511,9676736.31835,22,2011,15,3008677.03,94
94,PI,41405815,22,251616823,3264531,646,12124215.61511,9676736.31835,22,2012,10,2345162.5,95
95,PI,41405815,22,251616823,3264531,646,12124215.61511,9676736.31835,22,2013,14,1483823.03,96
96,CE,138378785,23,148894757,9075649,682,28420222.47191,24608352.18276,23,2004,76,6446545.15,97
97,CE,138378785,23,148894757,9075649,682,28420222.47191,24608352.18276,23,2005,94,7526351.2,98
98,CE,138378785,23,148894757,9075649,682,28420222.47191,24608352.18276,23,2006,101,10883607.18,99
99,CE,138378785,23,148894757,9075649,682,28420222.47191,24608352.18276,23,2007,109,8850204.55,100
100,CE,138378785,23,148894757,9075649,682,28420222.47191,24608352.18276,23,2008,101,11341428.19,101
101,CE,138378785,23,148894757,9075649,682,28420222.47191,24608352.18276,23,2009,119,13760618.76,102
102,CE,138378785,23,148894757,9075649,682,28420222.47191,24608352.18276,23,2010,119,16340775.46,103
103,CE,138378785,23,148894757,9075649,682,28420222.47191,24608352.18276,23,2003,52,5510544.74,104
104,CE,138378785,23,148894757,9075649,682,28420222.47191,24608352.18276,23,2011,168,16523774.47,105
105,CE,138378785,23,148894757,9075649,682,28420222.47191,24608352.18276,23,2012,125,13880272.54,106
106,CE,138378785,23,148894757,9075649,682,28420222.47191,24608352.18276,23,2013,131,10902055.09,107
107,RN,59660847,24,52809602,3479010,684,13527552.73159,11330957.55333,24,2003,16,193091.87,108
108,RN,59660847,24,52809602,3479010,684,13527552.73159,11330957.55333,24,2004,14,897143.88,109
109,RN,59660847,24,52809602,3479010,684,13527552.73159,11330957.55333,24,2005,10,1451363.86,110
110,RN,59660847,24,52809602,3479010,684,13527552.73159,11330957.55333,24,2006,14,289226.4,111
111,RN,59660847,24,52809602,3479010,684,13527552.73159,11330957.55333,24,2007,16,1051344.27,112
112,RN,59660847,24,52809602,3479010,684,13527552.73159,11330957.55333,24,2008,15,1368408.2,113
113,RN,59660847,24,52809602,3479010,684,13527552.73159,11330957.55333,24,2009,10,989317.8,114
114,RN,59660847,24,52809602,3479010,684,13527552.73159,11330957.55333,24,2010,11,1645106.0,115
115,RN,59660847,24,52809602,3479010,684,13527552.73159,11330957.55333,24,2011,19,1734862.5,116
116,RN,59660847,24,52809602,3479010,684,13527552.73159,11330957.55333,24,2012,19,3834778.07,117
117,RN,59660847,24,52809602,3479010,684,13527552.73159,11330957.55333,24,2013,33,8583190.31,118
118,PB,59088986,25,56467239,3996496,658,13097005.31928,10074700.04266,25,2003,5,20000.0,119
119,PB,59088986,25,56467239,3996496,658,13097005.31928,10074700.04266,25,2004,16,184400.0,120
120,PB,59088986,25,56467239,3996496,658,13097005.31928,10074700.04266,25,2005,25,488625.0,121
121,PB,59088986,25,56467239,3996496,658,13097005.31928,10074700.04266,25,2006,28,456131.62,122
122,PB,59088986,25,56467239,3996496,658,13097005.31928,10074700.04266,25,2007,31,671050.0,123
123,PB,59088986,25,56467239,3996496,658,13097005.31928,10074700.04266,25,2008,36,1382416.16,124
124,PB,59088986,25,56467239,3996496,658,13097005.31928,10074700.04266,25,2009,16,1258091.75,125
125,PB,59088986,25,56467239,3996496,658,13097005.31928,10074700.04266,25,2010,24,1484181.01,126
126,PB,59088986,25,56467239,3996496,658,13097005.31928,10074700.04266,25,2011,46,1406920.72,127
127,PB,59088986,25,56467239,3996496,658,13097005.31928,10074700.04266,25,2012,18,735570.9,128
128,PB,59088986,25,56467239,3996496,658,13097005.31928,10074700.04266,25,2013,21,266641.33,129
129,PE,167289930,26,98068021,9496294,673,35746028.97102,33320486.44445,26,2003,109,9616399.59,130
130,PE,167289930,26,98068021,9496294,673,35746028.97102,33320486.44445,26,2005,134,12065535.36,131
131,PE,167289930,26,98068021,9496294,673,35746028.97102,33320486.44445,26,2008,139,16898566.09,132
132,PE,167289930,26,98068021,9496294,673,35746028.97102,33320486.44445,26,2009,105,24654789.95,133
133,PE,167289930,26,98068021,9496294,673,35746028.97102,33320486.44445,26,2010,135,17991286.42,134
134,PE,167289930,26,98068021,9496294,673,35746028.97102,33320486.44445,26,2004,128,8109262.763,135
135,PE,167289930,26,98068021,9496294,673,35746028.97102,33320486.44445,26,2006,123,18298419.42,136
136,PE,167289930,26,98068021,9496294,673,35746028.97102,33320486.44445,26,2007,159,18565149.54,137
137,PE,167289930,26,98068021,9496294,673,35746028.97102,33320486.44445,26,2011,129,23580379.02,138
138,PE,167289930,26,98068021,9496294,673,35746028.97102,33320486.44445,26,2012,122,18104598.15,139
139,PE,167289930,26,98068021,9496294,673,35746028.97102,33320486.44445,26,2013,111,15610136.43,140
140,AL,49456362,27,27843295,3322820,631,11950438.46015,10460634.91711,27,2003,6,162224.0,141
141,AL,49456362,27,27843295,3322820,631,11950438.46015,10460634.91711,27,2004,10,849715.14,142
142,AL,49456362,27,27843295,3322820,631,11950438.46015,10460634.91711,27,2005,25,682648.75,143
143,AL,49456362,27,27843295,3322820,631,11950438.46015,10460634.91711,27,2006,21,1859770.66,144
144,AL,49456362,27,27843295,3322820,631,11950438.46015,10460634.91711,27,2007,15,2038906.36,145
145,AL,49456362,27,27843295,3322820,631,11950438.46015,10460634.91711,27,2008,16,1477331.0,146
146,AL,49456362,27,27843295,3322820,631,11950438.46015,10460634.91711,27,2009,11,159000.0,147
147,AL,49456362,27,27843295,3322820,631,11950438.46015,10460634.91711,27,2010,8,698555.08,148
148,AL,49456362,27,27843295,3322820,631,11950438.46015,10460634.91711,27,2011,9,1547016.99,149
149,AL,49456362,27,27843295,3322820,631,11950438.46015,10460634.91711,27,2012,7,1178000.0,150
150,SE,38866964,28,21926908,2278308,665,10145046.95355,8494927.19996,28,2003,13,1967113.31,151
151,SE,38866964,28,21926908,2278308,665,10145046.95355,8494927.19996,28,2004,15,4230387.47,152
152,SE,38866964,28,21926908,2278308,665,10145046.95355,8494927.19996,28,2005,19,4451548.69,153
153,SE,38866964,28,21926908,2278308,665,10145046.95355,8494927.19996,28,2006,21,1576900.0,154
154,SE,38866964,28,21926908,2278308,665,10145046.95355,8494927.19996,28,2007,18,1065560.0,155
155,SE,38866964,28,21926908,2278308,665,10145046.95355,8494927.19996,28,2008,19,2142526.59,156
156,SE,38866964,28,21926908,2278308,665,10145046.95355,8494927.19996,28,2009,8,1401105.0,157
157,SE,38866964,28,21926908,2278308,665,10145046.95355,8494927.19996,28,2010,9,1029839.0,158
158,SE,38866964,28,21926908,2278308,665,10145046.95355,8494927.19996,28,2011,24,663986.0,159
159,SE,38866964,28,21926908,2278308,665,10145046.95355,8494927.19996,28,2012,13,1081276.0,160
160,SE,38866964,28,21926908,2278308,665,10145046.95355,8494927.19996,28,2013,7,526715.0,161
161,BA,258649049,29,564722611,14812617,660,50191003.24052,45570160.0038,29,2003,127,10662327.93,162
162,BA,258649049,29,564722611,14812617,660,50191003.24052,45570160.0038,29,2004,163,9241517.68,163
163,BA,258649049,29,564722611,14812617,660,50191003.24052,45570160.0038,29,2005,218,19039820.22,164
164,BA,258649049,29,564722611,14812617,660,50191003.24052,45570160.0038,29,2007,287,26206613.26,165
165,BA,258649049,29,564722611,14812617,660,50191003.24052,45570160.0038,29,2008,242,19483683.924,166
166,BA,258649049,29,564722611,14812617,660,50191003.24052,45570160.0038,29,2009,171,18212090.5,167
167,BA,258649049,29,564722611,14812617,660,50191003.24052,45570160.0038,29,2010,220,19731866.57,168
168,BA,258649049,29,564722611,14812617,660,50191003.24052,45570160.0038,29,2006,241,18320546.36,169
169,BA,258649049,29,564722611,14812617,660,50191003.24052,45570160.0038,29,2011,333,16494931.76,170
170,BA,258649049,29,564722611,14812617,660,50191003.24052,45570160.0038,29,2012,204,12773225.85,171
171,BA,258649049,29,564722611,14812617,660,50191003.24052,45570160.0038,29,2013,190,11298782.25,172
172,MG,544633968,31,586521121,21040662,731,97199823.15616,98391669.16323,31,2003,333,44139927.77,173
173,MG,544633968,31,586521121,21040662,731,97199823.15616,98391669.16323,31,2005,743,79991234.359,174
174,MG,544633968,31,586521121,21040662,731,97199823.15616,98391669.16323,31,2006,835,103873117.01,175
175,MG,544633968,31,586521121,21040662,731,97199823.15616,98391669.16323,31,2008,765,108650925.05,176
176,MG,544633968,31,586521121,21040662,731,97199823.15616,98391669.16323,31,2009,690,89483276.97,177
177,MG,544633968,31,586521121,21040662,731,97199823.15616,98391669.16323,31,2010,729,125932922.55,178
178,MG,544633968,31,586521121,21040662,731,97199823.15616,98391669.16323,31,2004,497,51122452.183,179
179,MG,544633968,31,586521121,21040662,731,97199823.15616,98391669.16323,31,2007,861,113151278.32,180
180,MG,544633968,31,586521121,21040662,731,97199823.15616,98391669.16323,31,2011,825,127601435.44,181
181,MG,544633968,31,586521121,21040662,731,97199823.15616,98391669.16323,31,2012,775,126983928.11,182
182,MG,544633968,31,586521121,21040662,731,97199823.15616,98391669.16323,31,2013,824,120521642.55,183
183,ES,109226783,32,46074444,3972388,740,19685616.74376,14392338.00188,32,2003,30,704472.83,184
184,ES,109226783,32,46074444,3972388,740,19685616.74376,14392338.00188,32,2004,24,2545503.23,185
185,ES,109226783,32,46074444,3972388,740,19685616.74376,14392338.00188,32,2005,43,5347721.52,186
186,ES,109226783,32,46074444,3972388,740,19685616.74376,14392338.00188,32,2006,34,9796238.82,187
187,ES,109226783,32,46074444,3972388,740,19685616.74376,14392338.00188,32,2007,36,8886921.86,188
188,ES,109226783,32,46074444,3972388,740,19685616.74376,14392338.00188,32,2008,32,7650131.71,189
189,ES,109226783,32,46074444,3972388,740,19685616.74376,14392338.00188,32,2009,26,3499900.89,190
190,ES,109226783,32,46074444,3972388,740,19685616.74376,14392338.00188,32,2010,57,13901170.01,191
191,ES,109226783,32,46074444,3972388,740,19685616.74376,14392338.00188,32,2011,77,5899519.5,192
192,ES,109226783,32,46074444,3972388,740,19685616.74376,14392338.00188,32,2012,46,7066045.53,193
193,ES,109226783,32,46074444,3972388,740,19685616.74376,14392338.00188,32,2013,35,6853656.5,194
194,RJ,640185780,33,43750423,17159960,761,78488140.78862,67965548.69757,33,2005,1319,198598718.2,195
195,RJ,640185780,33,43750423,17159960,761,78488140.78862,67965548.69757,33,2009,1371,278573489.63,196
196,RJ,640185780,33,43750423,17159960,761,78488140.78862,67965548.69757,33,2010,1885,270918973.531,197
197,RJ,640185780,33,43750423,17159960,761,78488140.78862,67965548.69757,33,2003,1082,114527695.1,198
198,RJ,640185780,33,43750423,17159960,761,78488140.78862,67965548.69757,33,2004,1181,120210957.909,199
199,RJ,640185780,33,43750423,17159960,761,78488140.78862,67965548.69757,33,2006,1485,207813166.38,200
200,RJ,640185780,33,43750423,17159960,761,78488140.78862,67965548.69757,33,2007,1451,226644756.413,201
201,RJ,640185780,33,43750423,17159960,761,78488140.78862,67965548.69757,33,2008,1546,231060035.75,202
202,RJ,640185780,33,43750423,17159960,761,78488140.78862,67965548.69757,33,2011,1908,351462546.21,203
203,RJ,640185780,33,43750423,17159960,761,78488140.78862,67965548.69757,33,2012,1396,333485175.72,204
204,RJ,640185780,33,43750423,17159960,761,78488140.78862,67965548.69757,33,2013,1326,289040661.34,205
205,SP,2038004931,35,248219481,45538936,783,232822496.56706,231982243.69176,35,2009,1866,399415971.79,206
206,SP,2038004931,35,248219481,45538936,783,232822496.56706,231982243.69176,35,2003,1231,169157089.33,207
207,SP,2038004931,35,248219481,45538936,783,232822496.56706,231982243.69176,35,2004,1450,215266739.06,208
208,SP,2038004931,35,248219481,45538936,783,232822496.56706,231982243.69176,35,2005,1782,290287724.34,209
209,SP,2038004931,35,248219481,45538936,783,232822496.56706,231982243.69176,35,2006,2013,360753874.16,210
210,SP,2038004931,35,248219481,45538936,783,232822496.56706,231982243.69176,35,2007,1847,442010567.973,211
211,SP,2038004931,35,248219481,45538936,783,232822496.56706,231982243.69176,35,2008,2055,415104537.89,212
212,SP,2038004931,35,248219481,45538936,783,232822496.56706,231982243.69176,35,2010,2385,492106132.72,213
213,SP,2038004931,35,248219481,45538936,783,232822496.56706,231982243.69176,35,2011,2586,571786989.08,214
214,SP,2038004931,35,248219481,45538936,783,232822496.56706,231982243.69176,35,2012,2089,563265073.69,215
215,SP,2038004931,35,248219481,45538936,783,232822496.56706,231982243.69176,35,2013,2062,506570766.96,216
216,PR,401661680,41,199305236,11348937,749,60163576.12246,55534402.97483,41,2003,347,10980798.7,217
217,PR,401661680,41,199305236,11348937,749,60163576.12246,55534402.97483,41,2005,353,17079250.92,218
218,PR,401661680,41,199305236,11348937,749,60163576.12246,55534402.97483,41,2009,260,26067364.88,219
219,PR,401661680,41,199305236,11348937,749,60163576.12246,55534402.97483,41,2010,295,37630315.42,220
220,PR,401661680,41,199305236,11348937,749,60163576.12246,55534402.97483,41,2004,409,15132656.073,221
221,PR,401661680,41,199305236,11348937,749,60163576.12246,55534402.97483,41,2006,394,21176172.91,222
222,PR,401661680,41,199305236,11348937,749,60163576.12246,55534402.97483,41,2007,298,22022022.17,223
223,PR,401661680,41,199305236,11348937,749,60163576.12246,55534402.97483,41,2008,286,33600600.52,224
224,PR,401661680,41,199305236,11348937,749,60163576.12246,55534402.97483,41,2011,425,47013887.88,225
225,PR,401661680,41,199305236,11348937,749,60163576.12246,55534402.97483,41,2012,374,48964637.5,226
226,PR,401661680,41,199305236,11348937,749,60163576.12246,55534402.97483,41,2013,416,48736170.77,227
227,SC,256661190,42,95730921,7075494,774,34696772.82078,25595103.37918,42,2003,157,7492236.35,228
228,SC,256661190,42,95730921,7075494,774,34696772.82078,25595103.37918,42,2006,262,11281764.08,229
229,SC,256661190,42,95730921,7075494,774,34696772.82078,25595103.37918,42,2009,233,19877897.14,230
230,SC,256661190,42,95730921,7075494,774,34696772.82078,25595103.37918,42,2010,314,26237658.77,231
231,SC,256661190,42,95730921,7075494,774,34696772.82078,25595103.37918,42,2004,197,8576782.32,232
232,SC,256661190,42,95730921,7075494,774,34696772.82078,25595103.37918,42,2005,252,11376809.481,233
233,SC,256661190,42,95730921,7075494,774,34696772.82078,25595103.37918,42,2007,215,19608717.1,234
234,SC,256661190,42,95730921,7075494,774,34696772.82078,25595103.37918,42,2008,250,16263025.86,235
235,SC,256661190,42,95730921,7075494,774,34696772.82078,25595103.37918,42,2011,322,31733322.36,236
236,SC,256661190,42,95730921,7075494,774,34696772.82078,25595103.37918,42,2012,307,37008576.45,237
237,SC,256661190,42,95730921,7075494,774,34696772.82078,25595103.37918,42,2013,304,33605285.39,238
238,RS,408645099,43,281707151,11329605,746,66397468.17915,62476279.34364,43,2005,384,49305232.89,239
239,RS,408645099,43,281707151,11329605,746,66397468.17915,62476279.34364,43,2009,417,56172592.58,240
240,RS,408645099,43,281707151,11329605,746,66397468.17915,62476279.34364,43,2010,537,69147505.12,241
241,RS,408645099,43,281707151,11329605,746,66397468.17915,62476279.34364,43,2003,179,24521444.14,242
242,RS,408645099,43,281707151,11329605,746,66397468.17915,62476279.34364,43,2004,266,39834566.98,243
243,RS,408645099,43,281707151,11329605,746,66397468.17915,62476279.34364,43,2006,418,48775920.01,244
244,RS,408645099,43,281707151,11329605,746,66397468.17915,62476279.34364,43,2007,471,59722687.04,245
245,RS,408645099,43,281707151,11329605,746,66397468.17915,62476279.34364,43,2008,467,59783943.57,246
246,RS,408645099,43,281707151,11329605,746,66397468.17915,62476279.34364,43,2011,525,72510630.59,247
247,RS,408645099,43,281707151,11329605,746,66397468.17915,62476279.34364,43,2012,462,64295433.56,248
248,RS,408645099,43,281707151,11329605,746,66397468.17915,62476279.34364,43,2013,567,71054784.68,249
249,MS,91865803,50,357145535,2748023,729,16396655.77012,14506915.37404,50,2003,37,1418074.25,250
250,MS,91865803,50,357145535,2748023,729,16396655.77012,14506915.37404,50,2004,39,1148773.84,251
251,MS,91865803,50,357145535,2748023,729,16396655.77012,14506915.37404,50,2005,39,2837122.96,252
252,MS,91865803,50,357145535,2748023,729,16396655.77012,14506915.37404,50,2006,30,2689122.13,253
253,MS,91865803,50,357145535,2748023,729,16396655.77012,14506915.37404,50,2007,30,2641577.24,254
254,MS,91865803,50,357145535,2748023,729,16396655.77012,14506915.37404,50,2008,22,741775.65,255
255,MS,91865803,50,357145535,2748023,729,16396655.77012,14506915.37404,50,2009,18,898470.5,256
256,MS,91865803,50,357145535,2748023,729,16396655.77012,14506915.37404,50,2010,19,1524173.96,257
257,MS,91865803,50,357145535,2748023,729,16396655.77012,14506915.37404,50,2011,20,2447713.6,258
258,MS,91865803,50,357145535,2748023,729,16396655.77012,14506915.37404,50,2012,25,2737417.78,259
259,MS,91865803,50,357145535,2748023,729,16396655.77012,14506915.37404,50,2013,22,337819.86,260
260,MT,123834253,51,903206997,3441998,725,23958528.83588,18187363.27009,51,2003,13,255064.16,261
261,MT,123834253,51,903206997,3441998,725,23958528.83588,18187363.27009,51,2004,37,1191249.9,262
262,MT,123834253,51,903206997,3441998,725,23958528.83588,18187363.27009,51,2005,30,1335000.0,263
263,MT,123834253,51,903206997,3441998,725,23958528.83588,18187363.27009,51,2006,24,2147255.43,264
264,MT,123834253,51,903206997,3441998,725,23958528.83588,18187363.27009,51,2007,37,1949789.59,265
265,MT,123834253,51,903206997,3441998,725,23958528.83588,18187363.27009,51,2008,34,1340022.46,266
266,MT,123834253,51,903206997,3441998,725,23958528.83588,18187363.27009,51,2009,21,1772717.06,267
267,MT,123834253,51,903206997,3441998,725,23958528.83588,18187363.27009,51,2010,42,1921992.84,268
268,MT,123834253,51,903206997,3441998,725,23958528.83588,18187363.27009,51,2011,57,4034516.87,269
269,MT,123834253,51,903206997,3441998,725,23958528.83588,18187363.27009,51,2012,24,2119145.372,270
270,MT,123834253,51,903206997,3441998,725,23958528.83588,18187363.27009,51,2013,32,1986709.95,271
271,GO,181692435,52,340125715,6921161,735,37885335.16848,24248380.34233,52,2003,72,4377431.97,272
272,GO,181692435,52,340125715,6921161,735,37885335.16848,24248380.34233,52,2004,85,4573416.55,273
273,GO,181692435,52,340125715,6921161,735,37885335.16848,24248380.34233,52,2005,122,3255424.82,274
274,GO,181692435,52,340125715,6921161,735,37885335.16848,24248380.34233,52,2006,106,4780833.52,275
275,GO,181692435,52,340125715,6921161,735,37885335.16848,24248380.34233,52,2007,101,4116784.0,276
276,GO,181692435,52,340125715,6921161,735,37885335.16848,24248380.34233,52,2008,123,4007510.08,277
277,GO,181692435,52,340125715,6921161,735,37885335.16848,24248380.34233,52,2009,79,3530510.64,278
278,GO,181692435,52,340125715,6921161,735,37885335.16848,24248380.34233,52,2010,104,5350966.1,279
279,GO,181692435,52,340125715,6921161,735,37885335.16848,24248380.34233,52,2011,129,8526974.29,280
280,GO,181692435,52,340125715,6921161,735,37885335.16848,24248380.34233,52,2012,100,7611642.71,281
281,GO,181692435,52,340125715,6921161,735,37885335.16848,24248380.34233,52,2013,109,3825082.75,282
282,DF,235497107,53,5760783,2974703,824,23812211.27074,21990464.6849,53,2003,172,16612977.06,283
283,DF,235497107,53,5760783,2974703,824,23812211.27074,21990464.6849,53,2004,233,9728327.11,284
284,DF,235497107,53,5760783,2974703,824,23812211.27074,21990464.6849,53,2005,229,11007726.27,285
285,DF,235497107,53,5760783,2974703,824,23812211.27074,21990464.6849,53,2007,229,18349576.93,286
286,DF,235497107,53,5760783,2974703,824,23812211.27074,21990464.6849,53,2008,174,20382329.37,287
287,DF,235497107,53,5760783,2974703,824,23812211.27074,21990464.6849,53,2009,151,29946493.3,288
288,DF,235497107,53,5760783,2974703,824,23812211.27074,21990464.6849,53,2010,179,23788665.02,289
289,DF,235497107,53,5760783,2974703,824,23812211.27074,21990464.6849,53,2006,236,18790543.277,290
290,DF,235497107,53,5760783,2974703,824,23812211.27074,21990464.6849,53,2011,210,23397498.38,291
291,DF,235497107,53,5760783,2974703,824,23812211.27074,21990464.6849,53,2012,134,15871164.88,292
292,DF,235497107,53,5760783,2974703,824,23812211.27074,21990464.6849,53,2013,146,11646268.29,293
